0a,b,c
0.02a,b,c
0.12a,b,c
0.22a,b,c
0.3147688a,b,c
0.3250729a,b,c
0.3370693a,b,c
0.3507123a,b,c
0.361668a,b,c
0.3728801a,b,c
0.3837809a,b,c
0.3951669a,b,c
0.4062276a,b,c
0.417836a,b,c
0.4282695a,b,c
0.4398608a,b,c
0.450565a,b,c
0.46212a,b,c
0.4749382a,b,c
0.4840452a,b,c
0.4954601a,b,c
0.5062823a,b,c
0.5171977a,b,c
0.5283422a,b,c
0.5393208a,b,c
0.550431a,b,c
0.5615517a,b,c
0.5728517a,b,c
0.5839957a,b,c
0.5950417a,b,c
0.6059848a,b,c
0.6170556a,b,c
0.6282658a,b,c
0.6396122a,b,c
0.6503087a,b,c
0.6615942a,b,c
0.6729399a,b,c
0.6839478a,b,c
0.6950669a,b,c
0.7059404a,b,c
0.7170713a,b,c
0.7285488a,b,c
0.7395048a,b,c
0.7503647a,b,c
0.7617482a,b,c
0.772624a,b,c
0.783648a,b,c
0.7948298a,b,c
0.8060059a,b,c
0.8169959a,b,c
0.8280603a,b,c
0.8401845a,b,c
0.8502996a,b,c
0.8617463a,b,c
0.8728067a,b,c
0.8841434a,b,c
0.894833a,b,c
0.9059762a,b,c
0.9170149a,b,c
0.9280885a,b,c
0.939263a,b,c
0.9506734a,b,c
0.9613933a,b,c
0.9726407a,b,c
0.9835508a,b,c
0.996138a,b,c
1.008974a,b,c
1.020012a,b,c
1.032913a,b,c
1.043977a,b,c
1.055257a,b,c
1.066228a,b,c
1.077516a,b,c
1.088427a,b,c
1.099474a,b,c
1.110876a,b,c
1.12174a,b,c
1.133177a,b,c
1.144777a,b,c
1.155235a,b,c
1.166031a,b,c
1.177266a,b,c
1.188393a,b,c
1.199696a,b,c
1.210569a,b,c
1.222006a,b,c
1.233448a,b,c
1.243889a,b,c
1.255074a,b,c
1.266306a,b,c
1.278294a,b,c
1.288605a,b,c
1.300777a,b,c
1.310884a,b,c
1.32181a,b,c
1.33321a,b,c
1.344158a,b,c
1.356264a,b,c
1.366349a,b,c
1.377519a,b,c
1.388708a,b,c
1.399679a,b,c
1.4109a,b,c
1.421864a,b,c
1.434619a,b,c
1.44427a,b,c
1.455162a,b,c
1.467125a,b,c
1.477445a,b,c
1.488629a,b,c
1.499921a,b,c
1.511426a,b,c
1.522214a,b,c
1.532934a,b,c
1.54467a,b,c
1.55596a,b,c
1.566165a,b,c
1.577431a,b,c
1.589608a,b,c
1.599534a,b,c
1.611448a,b,c
1.622006a,b,c
1.632905a,b,c
1.644022a,b,c
1.655068a,b,c
1.666252a,b,c
1.677375a,b,c
1.690187a,b,c
1.707297a,b,c
1.718047a,b,c
1.728231a,b,c
1.739112a,b,c
1.750007a,b,c
1.762418a,b,c
1.772183a,b,c
1.783382a,b,c
1.794356a,b,c
1.805657a,b,c
1.816688a,b,c
1.827939a,b,c
1.838764a,b,c
1.849815a,b,c
1.86127a,b,c
1.872059a,b,c
1.883422a,b,c
1.894823a,b,c
1.905354a,b,c
1.91661a,b,c
1.927864a,b,c
1.938925a,b,c
1.949911a,b,c
1.960917a,b,c
1.972212a,b,c
1.983182a,b,c
1.994213a,b,c
2.005368a,b,c
2.016468a,b,c
2.028451a,b,c
2.038767a,b,c
2.049828a,b,c
2.061119a,b,c
2.07291a,b,c
2.08334a,b,c
2.094404a,b,c
2.105391a,b,c
2.116655a,b,c
2.128359a,b,c
2.140244a,b,c
2.151378a,b,c
2.162188a,b,c
2.173706a,b,c
2.185005a,b,c
2.196415a,b,c
2.207848a,b,c
2.220065a,b,c
2.232239a,b,c
2.24336a,b,c
2.257872a,b,c
2.264638a,b,c
2.274407a,b,c
2.285487a,b,c
2.297313a,b,c
2.307748a,b,c
2.318745a,b,c
2.329935a,b,c
2.341295a,b,c
2.352244a,b,c
2.363222a,b,c
2.374536a,b,c
2.385522a,b,c
2.396546a,b,c
2.407636a,b,c
2.418772a,b,c
2.430493a,b,c
2.441001a,b,c
2.452159a,b,c
2.463788a,b,c
2.474195a,b,c
2.485697a,b,c
2.496638a,b,c
2.507756a,b,c
2.518676a,b,c
2.529758a,b,c
2.54099a,b,c
2.552048a,b,c
2.56313a,b,c
2.574931a,b,c
2.585267a,b,c
2.59638a,b,c
2.607523a,b,c
2.618799a,b,c
2.630021a,b,c
2.641457a,b,c
2.653507a,b,c
2.663919a,b,c
2.67518a,b,c
2.686622a,b,c
2.697778a,b,c
2.709083a,b,c
2.720225a,b,c
2.731787a,b,c
2.743022a,b,c
2.754039a,b,c
2.765305a,b,c
2.776849a,b,c
2.787823a,b,c
2.799139a,b,c
2.810362a,b,c
2.821262a,b,c
2.832582a,b,c
2.843462a,b,c
2.854558a,b,c
2.865772a,b,c
2.876857a,b,c
2.888286a,b,c
2.900406a,b,c
2.91022a,b,c
2.921199a,b,c
2.932359a,b,c
2.944135a,b,c
2.955076a,b,c
2.965758a,b,c
2.976839a,b,c
2.987941a,b,c
2.999409a,b,c
3.010718a,b,c
3.021331a,b,c
3.032314a,b,c
3.043557a,b,c
3.054395a,b,c
3.065705a,b,c
3.076862a,b,c
3.088515a,b,c
3.099049a,b,c
3.110157a,b,c
3.12205a,b,c
3.132379a,b,c
3.143451a,b,c
3.154588a,b,c
3.165479a,b,c
3.176845a,b,c
3.188101a,b,c
3.199002a,b,c
3.210203a,b,c
3.221625a,b,c
3.232651a,b,c
3.243615a,b,c
3.254448a,b,c
3.265626a,b,c
3.280266a,b,c
3.287626a,b,c
3.299298a,b,c
3.310018a,b,c
3.321067a,b,c
3.332266a,b,c
3.343501a,b,c
3.354439a,b,c
3.365601a,b,c
3.376663a,b,c
3.387728a,b,c
3.398756a,b,c
3.409856a,b,c
3.421041a,b,c
3.432711a,b,c
3.443368a,b,c
3.454764a,b,c
3.466304a,b,c
3.476627a,b,c
3.488188a,b,c
3.499411a,b,c
3.509785a,b,c
3.521013a,b,c
3.532123a,b,c
3.543223a,b,c
3.554213a,b,c
3.565367a,b,c
3.576433a,b,c
3.58755a,b,c
3.598753a,b,c
3.610423a,b,c
3.621339a,b,c
3.632034a,b,c
3.643974a,b,c
3.65608a,b,c
3.665267a,b,c
3.676565a,b,c
3.687756a,b,c
3.698696a,b,c
3.70992a,b,c
3.720931a,b,c
3.732092a,b,c
3.743235a,b,c
3.754192a,b,c
3.765415a,b,c
3.777723a,b,c
3.787552a,b,c
3.798784a,b,c
3.809708a,b,c
3.82093a,b,c
3.832005a,b,c
3.843045a,b,c
3.855357a,b,c
3.865318a,b,c
3.876461a,b,c
3.887484a,b,c
3.898625a,b,c
3.909729a,b,c
3.920789a,b,c
3.931978a,b,c
3.943141a,b,c
3.954136a,b,c
3.965377a,b,c
3.976248a,b,c
3.987539a,b,c
3.998677a,b,c
4.009764a,b,c
4.021399a,b,c
4.03183a,b,c
4.043103a,b,c
4.053994a,b,c
4.065183a,b,c
4.07634a,b,c
4.087337a,b,c
4.098443a,b,c
4.109795a,b,c
4.12137a,b,c
4.131962a,b,c
4.142973a,b,c
4.154334a,b,c
4.165193a,b,c
4.176212a,b,c
4.187497a,b,c
4.199409a,b,c
4.2095a,b,c
4.220952a,b,c
4.232061a,b,c
4.243379a,b,c
4.254122a,b,c
4.265446a,b,c
4.276198a,b,c
4.287393a,b,c
4.298753a,b,c
4.309875a,b,c
4.320603a,b,c
4.331857a,b,c
4.343687a,b,c
4.35449a,b,c
4.364986a,b,c
4.376523a,b,c
4.387264a,b,c
4.398421a,b,c
4.409635a,b,c
4.420586a,b,c
4.431606a,b,c
4.442944a,b,c
4.453916a,b,c
4.46564a,b,c
4.476171a,b,c
4.487437a,b,c
4.498476a,b,c
4.509431a,b,c
4.520594a,b,c
4.531799a,b,c
4.54541a,b,c
4.553822a,b,c
4.565008a,b,c
4.576772a,b,c
4.587244a,b,c
4.59832a,b,c
4.609651a,b,c
4.620418a,b,c
4.631707a,b,c
4.64276a,b,c
4.654122a,b,c
4.66486a,b,c
4.67662a,b,c
4.687299a,b,c
4.698146a,b,c
4.709431a,b,c
4.720488a,b,c
4.732024a,b,c
4.742958a,b,c
4.753742a,b,c
4.765049a,b,c
4.776899a,b,c
4.787102a,b,c
4.798543a,b,c
4.809528a,b,c
4.820384a,b,c
4.831533a,b,c
4.842741a,b,c
4.853655a,b,c
4.864905a,b,c
4.876026a,b,c
4.887182a,b,c
4.898177a,b,c
4.909225a,b,c
4.92029a,b,c
4.931843a,b,c
4.942527a,b,c
4.953814a,b,c
4.965571a,b,c
4.975827a,b,c
4.987054a,b,c
4.998241a,b,c
5.00915a,b,c
5.020788a,b,c
5.031373a,b,c
5.04262a,b,c
5.053581a,b,c
5.064746a,b,c
5.076524a,b,c
5.086885a,b,c
5.098104a,b,c
5.109261a,b,c
5.120948a,b,c
5.131462a,b,c
5.142566a,b,c
5.154636a,b,c
5.16459a,b,c
5.175971a,b,c
5.187468a,b,c
5.198023a,b,c
5.209172a,b,c
5.220516a,b,c
5.231529a,b,c
5.242645a,b,c
5.254324a,b,c
5.264781a,b,c
5.275813a,b,c
5.28695a,b,c
5.297958a,b,c
5.309568a,b,c
5.320205a,b,c
5.33147a,b,c
5.342903a,b,c
5.354771a,b,c
5.364483a,b,c
5.375867a,b,c
5.386817a,b,c
5.398147a,b,c
5.409329a,b,c
5.421182a,b,c
5.431387a,b,c
5.442307a,b,c
5.45504a,b,c
5.465437a,b,c
5.476288a,b,c
5.487327a,b,c
5.497823a,b,c
5.50969a,b,c
5.520069a,b,c
5.531986a,b,c
5.543131a,b,c
5.553395a,b,c
5.564494a,b,c
5.575723a,b,c
5.586733a,b,c
5.597968a,b,c
5.609016a,b,c
5.620704a,b,c
5.631185a,b,c
5.642267a,b,c
5.653923a,b,c
5.66451a,b,c
5.675563a,b,c
5.686912a,b,c
5.698311a,b,c
5.709122a,b,c
5.720057a,b,c
5.73128a,b,c
5.742206a,b,c
5.75332a,b,c
5.764439a,b,c
5.775561a,b,c
5.786966a,b,c
5.798594a,b,c
5.810346a,b,c
5.820938a,b,c
5.832143a,b,c
5.842259a,b,c
5.853395a,b,c
5.864516a,b,c
5.875769a,b,c
5.886898a,b,c
5.897766a,b,c
5.908848a,b,c
5.919837a,b,c
5.931237a,b,c
5.942192a,b,c
5.95319a,b,c
5.964306a,b,c
5.975461a,b,c
5.986996a,b,c
5.997817a,b,c
6.008816a,b,c
6.01984a,b,c
6.03095a,b,c
6.042456a,b,c
6.053181a,b,c
6.064299a,b,c
6.075402a,b,c
6.086647a,b,c
6.098259a,b,c
6.110548a,b,c
6.121053a,b,c
6.130964a,b,c
6.144803a,b,c
6.154025a,b,c
6.164296a,b,c
6.1754a,b,c
6.186579a,b,c
6.197576a,b,c
6.209302a,b,c
6.220584a,b,c
6.231103a,b,c
6.242137a,b,c
6.253198a,b,c
6.264357a,b,c
6.275388a,b,c
6.287041a,b,c
6.297522a,b,c
6.308856a,b,c
6.31988a,b,c
6.330986a,b,c
6.34214a,b,c
6.353272a,b,c
6.36431a,b,c
6.376659a,b,c
6.386924a,b,c
6.398621a,b,c
6.408623a,b,c
6.423083a,b,c
6.431302a,b,c
6.442317a,b,c
6.453392a,b,c
6.464861a,b,c
6.475889a,b,c
6.486502a,b,c
6.497514a,b,c
6.508504a,b,c
6.52037a,b,c
6.531048a,b,c
6.542181a,b,c
6.553153a,b,c
6.564175a,b,c
6.575219a,b,c
6.586247a,b,c
6.597579a,b,c
6.608449a,b,c
6.620287a,b,c
6.630636a,b,c
6.641772a,b,c
6.653234a,b,c
6.664042a,b,c
6.675159a,b,c
6.68622a,b,c
6.697414a,b,c
6.708559a,b,c
6.71957a,b,c
6.731114a,b,c
6.74182a,b,c
6.753103a,b,c
6.764122a,b,c
6.77508a,b,c
6.786186a,b,c
6.797292a,b,c
6.808547a,b,c
6.819537a,b,c
6.830633a,b,c
6.841774a,b,c
6.85287a,b,c
6.863918a,b,c
6.875199a,b,c
6.886187a,b,c
6.897638a,b,c
6.908463a,b,c
6.920189a,b,c
6.930714a,b,c
6.941861a,b,c
6.953598a,b,c
6.965116a,b,c
6.975308a,b,c
6.986367a,b,c
6.997334a,b,c
7.008325a,b,c
7.019375a,b,c
7.030509a,b,c
7.041724a,b,c
7.05273a,b,c
7.063938a,b,c
7.074978a,b,c
7.08599a,b,c
7.097172a,b,c
7.108344a,b,c
7.119377a,b,c
7.130486a,b,c
7.141638a,b,c
7.153153a,b,c
7.163923a,b,c
7.175084a,b,c
7.186663a,b,c
7.197216a,b,c
7.208405a,b,c
7.219607a,b,c
7.230716a,b,c
7.241566a,b,c
7.252659a,b,c
7.264254a,b,c
7.274854a,b,c
7.285925a,b,c
7.297035a,b,c
7.308263a,b,c
7.319386a,b,c
7.330464a,b,c
7.341806a,b,c
7.352677a,b,c
7.363658a,b,c
7.374939a,b,c
7.386659a,b,c
7.396957a,b,c
7.408305a,b,c
7.419343a,b,c
7.430484a,b,c
7.44138a,b,c
7.452558a,b,c
7.46395a,b,c
7.47483a,b,c
7.48625a,b,c
7.497731a,b,c
7.508078a,b,c
7.519567a,b,c
7.530393a,b,c
7.54226a,b,c
7.552593a,b,c
7.564262a,b,c
7.574761a,b,c
7.585845a,b,c
7.597081a,b,c
7.609212a,b,c
7.619375a,b,c
7.630356a,b,c
7.641364a,b,c
7.652743a,b,c
7.663665a,b,c
7.674879a,b,c
7.685984a,b,c
7.697134a,b,c
7.708072a,b,c
7.719126a,b,c
7.73064a,b,c
7.74123a,b,c
7.752753a,b,c
7.76379a,b,c
7.774819a,b,c
7.785785a,b,c
7.797693a,b,c
7.807967a,b,c
7.819065a,b,c
7.830384a,b,c
7.841927a,b,c
7.852876a,b,c
7.863596a,b,c
7.874948a,b,c
7.885667a,b,c
7.89689a,b,c
7.908018a,b,c
7.919524a,b,c
7.930223a,b,c
7.941245a,b,c
7.952613a,b,c
7.964406a,b,c
7.97523a,b,c
7.98583a,b,c
7.997701a,b,c
8.008705a,b,c
8.018813a,b,c
8.030121a,b,c
8.041208a,b,c
8.052363a,b,c
8.063447a,b,c
8.074577a,b,c
8.087863a,b,c
8.103371a,b,c
8.110003a,b,c
8.116399a,b,c
8.125641a,b,c
8.136607a,b,c
8.147751a,b,c
8.158695a,b,c
8.169844a,b,c
8.181032a,b,c
8.192224a,b,c
8.203315a,b,c
8.215186a,b,c
8.225455a,b,c
8.236741a,b,c
8.247589a,b,c
8.258711a,b,c
8.269767a,b,c
8.281059a,b,c
8.292023a,b,c
8.303146a,b,c
8.314255a,b,c
8.325321a,b,c
8.336475a,b,c
8.347692a,b,c
8.358848a,b,c
8.36978a,b,c
8.380855a,b,c
8.392027a,b,c
8.404459a,b,c
8.414156a,b,c
8.425315a,b,c
8.436386a,b,c
8.447661a,b,c
8.459016a,b,c
8.47027a,b,c
8.482439a,b,c
8.493182a,b,c
8.504157a,b,c
8.51562a,b,c
8.527269a,b,c
8.538213a,b,c
8.549644a,b,c
8.560867a,b,c
8.573421a,b,c
8.58365a,b,c
8.594879a,b,c
8.606199a,b,c
8.617784a,b,c
8.628892a,b,c
8.640363a,b,c
8.651545a,b,c
8.662716a,b,c
8.674272a,b,c
8.685447a,b,c
8.696558a,b,c
8.707685a,b,c
8.718646a,b,c
8.729986a,b,c
8.740978a,b,c
8.752227a,b,c
8.7633a,b,c
8.774406a,b,c
8.785358a,b,c
8.796566a,b,c
8.807533a,b,c
8.818618a,b,c
8.830321a,b,c
8.84153a,b,c
8.853097a,b,c
8.863208a,b,c
8.874252a,b,c
8.885468a,b,c
8.896764a,b,c
8.907463a,b,c
8.919742a,b,c
8.929981a,b,c
8.940872a,b,c
8.952201a,b,c
8.963138a,b,c
8.974211a,b,c
8.985446a,b,c
8.99748a,b,c
9.007521a,b,c
9.018594a,b,c
9.030399a,b,c
9.040685a,b,c
9.052159a,b,c
9.063204a,b,c
9.074444a,b,c
9.0855a,b,c
9.096509a,b,c
9.107735a,b,c
9.118592a,b,c
9.129627a,b,c
9.141182a,b,c
9.153373a,b,c
9.162939a,b,c
9.174183a,b,c
9.196973a,b,c
9.205862a,b,c
9.212185a,b,c
9.22054a,b,c
9.226808a,b,c
9.236366a,b,c
9.248094a,b,c
9.258267a,b,c
9.269328a,b,c
9.28047a,b,c
9.291615a,b,c
9.302612a,b,c
9.313779a,b,c
9.324931a,b,c
9.335972a,b,c
9.347672a,b,c
9.358187a,b,c
9.369383a,b,c
9.380431a,b,c
9.392404a,b,c
9.40346a,b,c
9.413981a,b,c
9.42549a,b,c
9.436028a,b,c
9.448655a,b,c
9.459247a,b,c
9.470209a,b,c
9.482235a,b,c
9.491516a,b,c
9.502751a,b,c
9.515003a,b,c
9.527241a,b,c
9.537854a,b,c
9.548316a,b,c
9.561079a,b,c
9.570883a,b,c
9.583484a,b,c
9.592997a,b,c
9.6057a,b,c
9.61552a,b,c
9.627697a,b,c
9.640279a,b,c
9.650353a,b,c
9.661245a,b,c
9.672471a,b,c
9.685135a,b,c
9.69487a,b,c
9.706355a,b,c
9.717429a,b,c
9.730409a,b,c
9.740262a,b,c
9.752113a,b,c
9.763195a,b,c
9.77433a,b,c
9.785204a,b,c
9.798082a,b,c
9.807142a,b,c
9.8183a,b,c
9.829448a,b,c
9.840493a,b,c
9.851546a,b,c
9.862788a,b,c
9.873823a,b,c
9.884923a,b,c
9.896523a,b,c
9.907012a,b,c
9.918252a,b,c
9.929245a,b,c
9.94048a,b,c
9.952538a,b,c
9.962541a,b,c
9.973774a,b,c
9.984883a,b,c
9.996483a,b,c
10.00706a,b,c
10.01879a,b,c
10.03469a,b,c
10.04112a,b,c
10.05179a,b,c
10.0636a,b,c
10.07433a,b,c
10.08542a,b,c
10.09632a,b,c
10.10738a,b,c
10.11865a,b,c
10.12976a,b,c
10.14145a,b,c
10.1533a,b,c
10.16356a,b,c
10.17514a,b,c
10.18502a,b,c
10.19701a,b,c
10.20728a,b,c
10.22114a,b,c
10.22949a,b,c
10.24095a,b,c
10.252a,b,c
10.26307a,b,c
10.27426a,b,c
10.28553a,b,c
10.29611a,b,c
10.30822a,b,c
10.31858a,b,c
10.33077a,b,c
10.34101a,b,c
10.35218a,b,c
10.36318a,b,c
10.37386a,b,c
10.38596a,b,c
10.39579a,b,c
10.40715a,b,c
10.41879a,b,c
10.42924a,b,c
10.44087a,b,c
10.45173a,b,c
10.46278a,b,c
10.47357a,b,c
10.48465a,b,c
10.49611a,b,c
10.50685a,b,c
10.51805a,b,c
10.5291a,b,c
10.54015a,b,c
10.55131a,b,c
10.56246a,b,c
10.57355a,b,c
10.58454a,b,c
10.59569a,b,c
10.60739a,b,c
10.61863a,b,c
10.62953a,b,c
10.64038a,b,c
10.65115a,b,c
10.66283a,b,c
10.67412a,b,c
10.68487a,b,c
10.69707a,b,c
10.70721a,b,c
10.71833a,b,c
10.72936a,b,c
10.74022a,b,c
10.75217a,b,c
10.76263a,b,c
10.77387a,b,c
10.78455a,b,c
10.79617a,b,c
10.80738a,b,c
10.81804a,b,c
10.8293a,b,c
10.84089a,b,c
10.85155a,b,c
10.86309a,b,c
10.87382a,b,c
10.88434a,b,c
10.89605a,b,c
10.90795a,b,c
10.91839a,b,c
10.92926a,b,c
10.94078a,b,c
10.95215a,b,c
10.96218a,b,c
10.97366a,b,c
10.98435a,b,c
10.9955a,b,c
11.00654a,b,c
11.01775a,b,c
11.02892a,b,c
11.03993a,b,c
11.05112a,b,c
11.06237a,b,c
11.07328a,b,c
11.08435a,b,c
11.09548a,b,c
11.1076a,b,c
11.11803a,b,c
11.12904a,b,c
11.14065a,b,c
11.15134a,b,c
11.16267a,b,c
11.17464a,b,c
11.18455a,b,c
11.19606a,b,c
11.20712a,b,c
11.21836a,b,c
11.22945a,b,c
11.24122a,b,c
11.25094a,b,c
11.26219a,b,c
11.27311a,b,c
11.28426a,b,c
11.29532a,b,c
11.30656a,b,c
11.31757a,b,c
11.3287a,b,c
11.33982a,b,c
11.35098a,b,c
11.36202a,b,c
11.37314a,b,c
11.38426a,b,c
11.3954a,b,c
11.4065a,b,c
11.4181a,b,c
11.42975a,b,c
11.43971a,b,c
11.45178a,b,c
11.462a,b,c
11.47313a,b,c
11.48417a,b,c
11.49547a,b,c
11.50637a,b,c
11.51743a,b,c
11.52874a,b,c
11.54003a,b,c
11.55719a,b,c
11.56617a,b,c
11.57443a,b,c
11.58392a,b,c
11.59466a,b,c
11.60413a,b,c
11.61449a,b,c
11.62471a,b,c
11.63566a,b,c
11.64694a,b,c
11.65811a,b,c
11.6691a,b,c
11.68037a,b,c
11.69146a,b,c
11.70262a,b,c
11.71378a,b,c
11.72456a,b,c
11.73629a,b,c
11.74808a,b,c
11.75823a,b,c
11.76923a,b,c
11.78032a,b,c
11.79122a,b,c
11.80222a,b,c
11.81333a,b,c
11.82471a,b,c
11.83558a,b,c
11.84702a,b,c
11.85785a,b,c
11.86884a,b,c
11.88007a,b,c
11.89136a,b,c
11.90265a,b,c
11.91352a,b,c
11.92492a,b,c
11.93614a,b,c
11.94743a,b,c
11.95888a,b,c
11.97012a,b,c
11.9816a,b,c
11.99301a,b,c
12.00407a,b,c
12.01526a,b,c
12.02718a,b,c
12.03813a,b,c
12.04932a,b,c
12.06164a,b,c
12.07216a,b,c
12.08358a,b,c
12.0945a,b,c
12.10569a,b,c
12.11729a,b,c
12.12838a,b,c
12.13965a,b,c
12.15081a,b,c
12.16166a,b,c
12.17296a,b,c
12.18388a,b,c
12.19521a,b,c
12.20616a,b,c
12.21731a,b,c
12.22848a,b,c
12.23966a,b,c
12.25061a,b,c
12.26182a,b,c
12.27295a,b,c
12.28391a,b,c
12.29535a,b,c
12.30624a,b,c
12.31754a,b,c
12.32822a,b,c
12.33978a,b,c
12.35058a,b,c
12.3619a,b,c
12.37279a,b,c
12.38426a,b,c
12.39492a,b,c
12.40619a,b,c
12.41731a,b,c
12.42825a,b,c
12.43954a,b,c
12.45191a,b,c
12.46151a,b,c
12.47276a,b,c
12.48423a,b,c
12.496a,b,c
12.50607a,b,c
12.51732a,b,c
12.53112a,b,c
12.54558a,b,c
12.55881a,b,c
12.56929a,b,c
12.57888a,b,c
12.59106a,b,c
12.60117a,b,c
12.61198a,b,c
12.62318a,b,c
12.63406a,b,c
12.64517a,b,c
12.65636a,b,c
12.66776a,b,c
12.67852a,b,c
12.68958a,b,c
12.70087a,b,c
12.7119a,b,c
12.72337a,b,c
12.73583a,b,c
12.74582a,b,c
12.75651a,b,c
12.76767a,b,c
12.78076a,b,c
12.7897a,b,c
12.80098a,b,c
12.81188a,b,c
12.82289a,b,c
12.83419a,b,c
12.84509a,b,c
12.85634a,b,c
12.86742a,b,c
12.87879a,b,c
12.88984a,b,c
12.90187a,b,c
12.91175a,b,c
12.92301a,b,c
12.93406a,b,c
12.94513a,b,c
12.95621a,b,c
12.96756a,b,c
12.97876a,b,c
12.98957a,b,c
13.00085a,b,c
13.01186a,b,c
13.02288a,b,c
13.03392a,b,c
13.04521a,b,c
13.05636a,b,c
13.06726a,b,c
13.07869a,b,c
13.09108a,b,c
13.10124a,b,c
13.11284a,b,c
13.12444a,b,c
13.13601a,b,c
13.14758a,b,c
13.15904a,b,c
13.17172a,b,c
13.18235a,b,c
13.19385a,b,c
13.20605a,b,c
13.21694a,b,c
13.22785a,b,c
13.23931a,b,c
13.25028a,b,c
13.26125a,b,c
13.27227a,b,c
13.28366a,b,c
13.29445a,b,c
13.3057a,b,c
13.31739a,b,c
13.32785a,b,c
13.33986a,b,c
13.35003a,b,c
13.36139a,b,c
13.37231a,b,c
13.38339a,b,c
13.39453a,b,c
13.40553a,b,c
13.41694a,b,c
13.42789a,b,c
13.43898a,b,c
13.44998a,b,c
13.46112a,b,c
13.47234a,b,c
13.48349a,b,c
13.49447a,b,c
13.50551a,b,c
13.5166a,b,c
13.52781a,b,c
13.53879a,b,c
13.54994a,b,c
13.56121a,b,c
13.57223a,b,c
13.58325a,b,c
13.59442a,b,c
13.60549a,b,c
13.61663a,b,c
13.62774a,b,c
13.64335a,b,c
13.64987a,b,c
13.6584a,b,c
13.66977a,b,c
13.6817a,b,c
13.69172a,b,c
13.7042a,b,c
13.71514a,b,c
13.72511a,b,c
13.73672a,b,c
13.74752a,b,c
13.75839a,b,c
13.76956a,b,c
13.78068a,b,c
13.79195a,b,c
13.80286a,b,c
13.81403a,b,c
13.82522a,b,c
13.83628a,b,c
13.84765a,b,c
13.85835a,b,c
13.87041a,b,c
13.88059a,b,c
13.89199a,b,c
13.9031a,b,c
13.91392a,b,c
13.92504a,b,c
13.9361a,b,c
13.9473a,b,c
13.95862a,b,c
13.96943a,b,c
13.98056a,b,c
13.99162a,b,c
14.00318a,b,c
14.01436a,b,c
14.02566a,b,c
14.0368a,b,c
14.04813a,b,c
14.05974a,b,c
14.07057a,b,c
14.08201a,b,c
14.09394a,b,c
14.10462a,b,c
14.11551a,b,c
14.12704a,b,c
14.13802a,b,c
14.14931a,b,c
14.16056a,b,c
14.17204a,b,c
14.18311a,b,c
14.1943a,b,c
14.20548a,b,c
14.21673a,b,c
14.22763a,b,c
14.23873a,b,c
14.25048a,b,c
14.26086a,b,c
14.27187a,b,c
14.28293a,b,c
14.2941a,b,c
14.30527a,b,c
14.31619a,b,c
14.32734a,b,c
14.33892a,b,c
14.34967a,b,c
14.3607a,b,c
14.37207a,b,c
14.38297a,b,c
14.39402a,b,c
14.4051a,b,c
14.41624a,b,c
14.42732a,b,c
14.43846a,b,c
14.44956a,b,c
14.46091a,b,c
14.47173a,b,c
14.48292a,b,c
14.49398a,b,c
14.50499a,b,c
14.5168a,b,c
14.52806a,b,c
14.53844a,b,c
14.54964a,b,c
14.56113a,b,c
14.57187a,b,c
14.58283a,b,c
14.5939a,b,c
14.60518a,b,c
14.61615a,b,c
14.62727a,b,c
14.63881a,b,c
14.64955a,b,c
14.66061a,b,c
14.67225a,b,c
14.68282a,b,c
14.69397a,b,c
14.70492a,b,c
14.71665a,b,c
14.72745a,b,c
14.73843a,b,c
14.74944a,b,c
14.76074a,b,c
14.77183a,b,c
14.78274a,b,c
14.79512a,b,c
14.80504a,b,c
14.81608a,b,c
14.82725a,b,c
14.83838a,b,c
14.84939a,b,c
14.8607a,b,c
14.87201a,b,c
14.88297a,b,c
14.89385a,b,c
14.90591a,b,c
14.91596a,b,c
14.92713a,b,c
14.93832a,b,c
14.94928a,b,c
14.96054a,b,c
14.97169a,b,c
14.98271a,b,c
14.99388a,b,c
15.00509a,b,c
15.01641a,b,c
15.02827a,b,c
15.03913a,b,c
15.04937a,b,c
15.06043a,b,c
15.07147a,b,c
15.08264a,b,c
15.09385a,b,c
15.10547a,b,c
15.11612a,b,c
15.12706a,b,c
15.13815a,b,c
15.14949a,b,c
15.16034a,b,c
15.17171a,b,c
15.18257a,b,c
15.19372a,b,c
15.20486a,b,c
15.21647a,b,c
15.22742a,b,c
15.23813a,b,c
15.24967a,b,c
15.26033a,b,c
15.27146a,b,c
15.28264a,b,c
15.29361a,b,c
15.30482a,b,c
15.31584a,b,c
15.32719a,b,c
15.33896a,b,c
15.34923a,b,c
15.36032a,b,c
15.37145a,b,c
15.3825a,b,c
15.3942a,b,c
15.40467a,b,c
15.41642a,b,c
15.42704a,b,c
15.43804a,b,c
15.44918a,b,c
15.46023a,b,c
15.47164a,b,c
15.48251a,b,c
15.49417a,b,c
15.50474a,b,c
15.51583a,b,c
15.52701a,b,c
15.53813a,b,c
15.54967a,b,c
15.56022a,b,c
15.57133a,b,c
15.58253a,b,c
15.59363a,b,c
15.60481a,b,c
15.61594a,b,c
15.62693a,b,c
15.63836a,b,c
15.649a,b,c
15.66023a,b,c
15.67125a,b,c
15.6824a,b,c
15.69353a,b,c
15.70459a,b,c
15.71688a,b,c
15.7277a,b,c
15.73791a,b,c
15.74908a,b,c
15.76002a,b,c
15.77136a,b,c
15.78247a,b,c
15.79341a,b,c
15.80444a,b,c
15.81596a,b,c
15.82675a,b,c
15.83788a,b,c
15.84906a,b,c
15.86a,b,c
15.87125a,b,c
15.88225a,b,c
15.89361a,b,c
15.90452a,b,c
15.91552a,b,c
15.92692a,b,c
15.93788a,b,c
15.949a,b,c
15.96007a,b,c
15.97104a,b,c
15.98236a,b,c
15.99342a,b,c
16.00442a,b,c
16.01571a,b,c
16.02682a,b,c
16.03769a,b,c
16.04909a,b,c
16.06026a,b,c
16.07107a,b,c
16.08225a,b,c
16.09346a,b,c
16.10444a,b,c
16.11547a,b,c
16.12666a,b,c
16.13766a,b,c
16.1489a,b,c
16.1601a,b,c
16.17108a,b,c
16.18229a,b,c
16.19327a,b,c
16.20435a,b,c
16.21592a,b,c
16.2266a,b,c
16.2377a,b,c
16.24889a,b,c
16.25988a,b,c
16.27115a,b,c
16.28214a,b,c
16.29335a,b,c
16.3043a,b,c
16.31545a,b,c
16.32673a,b,c
16.33758a,b,c
16.34866a,b,c
16.36055a,b,c
16.37097a,b,c
16.38209a,b,c
16.39322a,b,c
16.40427a,b,c
16.41529a,b,c
16.42654a,b,c
16.43773a,b,c
16.44884a,b,c
16.45974a,b,c
16.47107a,b,c
16.48211a,b,c
16.49317a,b,c
16.50425a,b,c
16.51529a,b,c
16.52787a,b,c
16.5375a,b,c
16.549a,b,c
16.56032a,b,c
16.57092a,b,c
16.58195a,b,c
16.59323a,b,c
16.60429a,b,c
16.61538a,b,c
16.62649a,b,c
16.63746a,b,c
16.64864a,b,c
16.65982a,b,c
16.67084a,b,c
16.6832a,b,c
16.69313a,b,c
16.7045a,b,c
16.71555a,b,c
16.72631a,b,c
16.73778a,b,c
16.74879a,b,c
16.75996a,b,c
16.77076a,b,c
16.78201a,b,c
16.79298a,b,c
16.80416a,b,c
16.81506a,b,c
16.82675a,b,c
16.83766a,b,c
16.84849a,b,c
16.85976a,b,c
16.87121a,b,c
16.88203a,b,c
16.89315a,b,c
16.90416a,b,c
16.91524a,b,c
16.92634a,b,c
16.93771a,b,c
16.94862a,b,c
16.95971a,b,c
16.97069a,b,c
16.98183a,b,c
16.99301a,b,c
17.004a,b,c
17.01521a,b,c
17.02618a,b,c
17.0373a,b,c
17.04866a,b,c
17.05962a,b,c
17.07117a,b,c
17.08181a,b,c
17.09288a,b,c
17.10499a,b,c
17.11506a,b,c
17.12618a,b,c
17.13734a,b,c
17.14838a,b,c
17.15954a,b,c
17.17074a,b,c
17.18176a,b,c
17.19284a,b,c
17.20401a,b,c
17.21643a,b,c
17.22623a,b,c
17.2373a,b,c
17.24857a,b,c
17.25949a,b,c
17.27065a,b,c
17.28191a,b,c
17.29287a,b,c
17.30386a,b,c
17.31493a,b,c
17.32637a,b,c
17.33732a,b,c
17.34828a,b,c
17.35942a,b,c
17.37049a,b,c
17.38174a,b,c
17.39276a,b,c
17.40414a,b,c
17.41488a,b,c
17.42607a,b,c
17.43722a,b,c
17.44909a,b,c
17.45943a,b,c
17.4705a,b,c
17.48194a,b,c
17.49266a,b,c
17.50386a,b,c
17.51484a,b,c
17.52604a,b,c
17.53706a,b,c
17.54833a,b,c
17.55984a,b,c
17.57052a,b,c
17.58194a,b,c
17.59279a,b,c
17.60367a,b,c
17.61491a,b,c
17.62591a,b,c
17.63714a,b,c
17.6483a,b,c
17.65957a,b,c
17.67045a,b,c
17.68154a,b,c
17.69274a,b,c
17.70369a,b,c
17.71586a,b,c
17.72607a,b,c
17.73704a,b,c
17.74854a,b,c
17.75934a,b,c
17.77036a,b,c
17.78161a,b,c
17.79294a,b,c
17.80367a,b,c
17.81521a,b,c
17.8261a,b,c
17.83701a,b,c
17.84827a,b,c
17.85986a,b,c
17.87033a,b,c
17.88149a,b,c
17.89268a,b,c
17.90481a,b,c
17.91494a,b,c
17.92601a,b,c
17.93692a,b,c
17.94825a,b,c
17.95941a,b,c
17.97021a,b,c
17.98168a,b,c
17.99284a,b,c
18.00361a,b,c
18.01529a,b,c
18.02579a,b,c
18.03699a,b,c
18.04807a,b,c
18.05914a,b,c
18.07025a,b,c
18.08147a,b,c
18.09263a,b,c
18.10381a,b,c
18.11486a,b,c
18.12636a,b,c
18.13688a,b,c
18.14803a,b,c
18.15904a,b,c
18.1703a,b,c
18.18238a,b,c
18.19235a,b,c
18.20351a,b,c
18.21484a,b,c
18.22572a,b,c
18.23681a,b,c
18.24813a,b,c
18.25905a,b,c
18.27013a,b,c
18.28167a,b,c
18.29309a,b,c
18.30354a,b,c
18.31459a,b,c
18.3256a,b,c
18.33726a,b,c
18.34796a,b,c
18.36a,b,c
18.37005a,b,c
18.38121a,b,c
18.39244a,b,c
18.40352a,b,c
18.41495a,b,c
18.42563a,b,c
18.43674a,b,c
18.44782a,b,c
18.45918a,b,c
18.46996a,b,c
18.48162a,b,c
18.49225a,b,c
18.50334a,b,c
18.51456a,b,c
18.52579a,b,c
18.53675a,b,c
18.5482a,b,c
18.55932a,b,c
18.57032a,b,c
18.58129a,b,c
18.59236a,b,c
18.60335a,b,c
18.61456a,b,c
18.62576a,b,c
18.63667a,b,c
18.64783a,b,c
18.65885a,b,c
18.67002a,b,c
18.68144a,b,c
18.69232a,b,c
18.7033a,b,c
18.71525a,b,c
18.72561a,b,c
18.73677a,b,c
18.74841a,b,c
18.75939a,b,c
18.76986a,b,c
18.78123a,b,c
18.79289a,b,c
18.80337a,b,c
18.81441a,b,c
18.82543a,b,c
18.83651a,b,c
18.84794a,b,c
18.85874a,b,c
18.87003a,b,c
18.88127a,b,c
18.89216a,b,c
18.90445a,b,c
18.91421a,b,c
18.92557a,b,c
18.93661a,b,c
18.9477a,b,c
18.95871a,b,c
18.96978a,b,c
18.98107a,b,c
18.99203a,b,c
19.00323a,b,c
19.01462a,b,c
19.02533a,b,c
19.0365a,b,c
19.04848a,b,c
19.05885a,b,c
19.07028a,b,c
19.08104a,b,c
19.0921a,b,c
19.10317a,b,c
19.11425a,b,c
19.12606a,b,c
19.13654a,b,c
19.14745a,b,c
19.15864a,b,c
19.17131a,b,c
19.18092a,b,c
19.19208a,b,c
19.20314a,b,c
19.21422a,b,c
19.22539a,b,c
19.23673a,b,c
19.24788a,b,c
19.25856a,b,c
19.26964a,b,c
19.28113a,b,c
19.29301a,b,c
19.30301a,b,c
19.31411a,b,c
19.32965a,b,c
19.33631a,b,c
19.34508a,b,c
19.35622a,b,c
19.36719a,b,c
19.37829a,b,c
19.38956a,b,c
19.40057a,b,c
19.41159a,b,c
19.42275a,b,c
19.43437a,b,c
19.44508a,b,c
19.45634a,b,c
19.46725a,b,c
19.47948a,b,c
19.48933a,b,c
19.5008a,b,c
19.51158a,b,c
19.52295a,b,c
19.5339a,b,c
19.54491a,b,c
19.55609a,b,c
19.56719a,b,c
19.5783a,b,c
19.58926a,b,c
19.60063a,b,c
19.61204a,b,c
19.62334a,b,c
19.63375a,b,c
19.64499a,b,c
19.65614a,b,c
19.66714a,b,c
19.67823a,b,c
19.68945a,b,c
19.70121a,b,c
19.71213a,b,c
19.72333a,b,c
19.73522a,b,c
19.74686a,b,c
19.75708a,b,c
19.76839a,b,c
19.7802a,b,c
19.79076a,b,c
19.80223a,b,c
19.81343a,b,c
19.82456a,b,c
19.8359a,b,c
19.84738a,b,c
19.85963a,b,c
19.87037a,b,c
19.8805a,b,c
19.89191a,b,c
19.90318a,b,c
19.91389a,b,c
19.92504a,b,c
19.93649a,b,c
19.94794a,b,c
19.95828a,b,c
19.97011a,b,c
19.98135a,b,c
19.99164a,b,c
20.00269a,b,c
20.01406a,b,c
20.02625a,b,c
20.03623a,b,c
20.04741a,b,c
20.05847a,b,c
20.0699a,b,c
20.08075a,b,c
20.09171a,b,c
20.10273a,b,c
20.11391a,b,c
20.12553a,b,c
20.13658a,b,c
20.14715a,b,c
20.15879a,b,c
20.16938a,b,c
20.18044a,b,c
20.19157a,b,c
20.20274a,b,c
20.21406a,b,c
20.22495a,b,c
20.23599a,b,c
20.24707a,b,c
20.2585a,b,c
20.26931a,b,c
20.2805a,b,c
20.29132a,b,c
20.30253a,b,c
20.31366a,b,c
20.32476a,b,c
20.33647a,b,c
20.34709a,b,c
20.35809a,b,c
20.36978a,b,c
20.38027a,b,c
20.39156a,b,c
20.40327a,b,c
20.41377a,b,c
20.42472a,b,c
20.43599a,b,c
20.44696a,b,c
20.45826a,b,c
20.46922a,b,c
20.48067a,b,c
20.49152a,b,c
20.50254a,b,c
20.51382a,b,c
20.52502a,b,c
20.53584a,b,c
20.54783a,b,c
20.55818a,b,c
20.56919a,b,c
20.58044a,b,c
20.5928a,b,c
20.60248a,b,c
20.61367a,b,c
20.62479a,b,c
20.63607a,b,c
20.64742a,b,c
20.65788a,b,c
20.66917a,b,c
20.68019a,b,c
20.69122a,b,c
20.70277a,b,c
20.71506a,b,c
20.72463a,b,c
20.73575a,b,c
20.74702a,b,c
20.75794a,b,c
20.76896a,b,c
20.78035a,b,c
20.79128a,b,c
20.80246a,b,c
20.81362a,b,c
20.82532a,b,c
20.83582a,b,c
20.84702a,b,c
20.85792a,b,c
20.86911a,b,c
20.8801a,b,c
20.89136a,b,c
20.90243a,b,c
20.91358a,b,c
20.9253a,b,c
20.93567a,b,c
20.94677a,b,c
20.95803a,b,c
20.96894a,b,c
20.98017a,b,c
20.99113a,b,c
21.00241a,b,c
21.01354a,b,c
21.02466a,b,c
21.03603a,b,c
21.04666a,b,c
21.05794a,b,c
21.06898a,b,c
21.08073a,b,c
21.09238a,b,c
21.10223a,b,c
21.1134a,b,c
21.12457a,b,c
21.13574a,b,c
21.14664a,b,c
21.15805a,b,c
21.16891a,b,c
21.17992a,b,c
21.19114a,b,c
21.2022a,b,c
21.21459a,b,c
21.22452a,b,c
21.23565a,b,c
21.2466a,b,c
21.25792a,b,c
21.2688a,b,c
21.28012a,b,c
21.2911a,b,c
21.3022a,b,c
21.31359a,b,c
21.32432a,b,c
21.33563a,b,c
21.34647a,b,c
21.35763a,b,c
21.36892a,b,c
21.37984a,b,c
21.39117a,b,c
21.40212a,b,c
21.41348a,b,c
21.42526a,b,c
21.4356a,b,c
21.44655a,b,c
21.45761a,b,c
21.46902a,b,c
21.47996a,b,c
21.49117a,b,c
21.50222a,b,c
21.51331a,b,c
21.52458a,b,c
21.53542a,b,c
21.54656a,b,c
21.55811a,b,c
21.56922a,b,c
21.57998a,b,c
21.59196a,b,c
21.6021a,b,c
21.6135a,b,c
21.62436a,b,c
21.63555a,b,c
21.64655a,b,c
21.65783a,b,c
21.6692a,b,c
21.67988a,b,c
21.69104a,b,c
21.70221a,b,c
21.71313a,b,c
21.72454a,b,c
21.73573a,b,c
21.74714a,b,c
21.75771a,b,c
21.7688a,b,c
21.77982a,b,c
21.79084a,b,c
21.80205a,b,c
21.81318a,b,c
21.82432a,b,c
21.83613a,b,c
21.84635a,b,c
21.85751a,b,c
21.86872a,b,c
21.87969a,b,c
21.89151a,b,c
21.90212a,b,c
21.91301a,b,c
21.9242a,b,c
21.93522a,b,c
21.94644a,b,c
21.95748a,b,c
21.96851a,b,c
21.9803a,b,c
21.99094a,b,c
22.002a,b,c
22.0135a,b,c
22.02419a,b,c
22.03521a,b,c
22.04638a,b,c
22.05738a,b,c
22.06861a,b,c
22.07976a,b,c
22.0909a,b,c
22.10168a,b,c
22.11319a,b,c
22.12394a,b,c
22.13521a,b,c
22.14725a,b,c
22.15763a,b,c
22.16863a,b,c
22.17968a,b,c
22.19078a,b,c
22.20241a,b,c
22.21286a,b,c
22.22408a,b,c
22.23517a,b,c
22.24636a,b,c
22.25773a,b,c
22.26877a,b,c
22.28004a,b,c
22.29091a,b,c
22.30182a,b,c
22.31313a,b,c
22.32428a,b,c
22.33527a,b,c
22.3463a,b,c
22.35729a,b,c
22.36881a,b,c
22.37948a,b,c
22.39123a,b,c
22.40175a,b,c
22.41293a,b,c
22.42401a,b,c
22.43509a,b,c
22.44626a,b,c
22.45727a,b,c
22.46828a,b,c
22.47951a,b,c
22.49069a,b,c
22.50174a,b,c
22.51274a,b,c
22.52396a,b,c
22.53502a,b,c
22.54618a,b,c
22.55727a,b,c
22.56838a,b,c
22.57935a,b,c
22.59067a,b,c
22.60154a,b,c
22.61283a,b,c
22.62373a,b,c
22.63495a,b,c
22.64608a,b,c
22.6571a,b,c
22.66849a,b,c
22.67927a,b,c
22.69057a,b,c
22.70158a,b,c
22.71267a,b,c
22.72378a,b,c
22.73495a,b,c
22.74599a,b,c
22.75737a,b,c
22.76822a,b,c
22.77955a,b,c
22.79041a,b,c
22.80161a,b,c
22.81275a,b,c
22.82382a,b,c
22.83488a,b,c
22.84601a,b,c
22.8572a,b,c
22.86821a,b,c
22.8792a,b,c
22.89055a,b,c
22.90141a,b,c
22.91267a,b,c
22.9239a,b,c
22.93496a,b,c
22.94596a,b,c
22.95698a,b,c
22.96818a,b,c
22.97918a,b,c
22.99037a,b,c
23.0015a,b,c
23.01308a,b,c
23.0236a,b,c
23.03481a,b,c
23.04587a,b,c
23.05703a,b,c
23.06803a,b,c
23.07915a,b,c
23.09044a,b,c
23.10142a,b,c
23.11277a,b,c
23.12385a,b,c
23.13578a,b,c
23.1464a,b,c
23.1569a,b,c
23.16822a,b,c
23.17919a,b,c
23.19016a,b,c
23.20152a,b,c
23.21265a,b,c
23.22383a,b,c
23.23465a,b,c
23.24652a,b,c
23.25773a,b,c
23.26838a,b,c
23.27915a,b,c
23.29017a,b,c
23.30163a,b,c
23.31257a,b,c
23.32354a,b,c
23.33466a,b,c
23.34577a,b,c
23.35725a,b,c
23.36797a,b,c
23.37913a,b,c
23.39041a,b,c
23.40166a,b,c
23.41248a,b,c
23.424a,b,c
23.43515a,b,c
23.44565a,b,c
23.45682a,b,c
23.46864a,b,c
23.47902a,b,c
23.49016a,b,c
23.5013a,b,c
23.51254a,b,c
23.52343a,b,c
23.53481a,b,c
23.54576a,b,c
23.55817a,b,c
23.56771a,b,c
23.57912a,b,c
23.59066a,b,c
23.60117a,b,c
23.61249a,b,c
23.62347a,b,c
23.6347a,b,c
23.64586a,b,c
23.65674a,b,c
23.66791a,b,c
23.67892a,b,c
23.69005a,b,c
23.70113a,b,c
23.71226a,b,c
23.72327a,b,c
23.73454a,b,c
23.74568a,b,c
23.75682a,b,c
23.7679a,b,c
23.77894a,b,c
23.79007a,b,c
23.80109a,b,c
23.81232a,b,c
23.82326a,b,c
23.83449a,b,c
23.84595a,b,c
23.8569a,b,c
23.86772a,b,c
23.87885a,b,c
23.89007a,b,c
23.90167a,b,c
23.91222a,b,c
23.92326a,b,c
23.93451a,b,c
23.9464a,b,c
23.95658a,b,c
23.9679a,b,c
23.97898a,b,c
23.98998a,b,c
24.00118a,b,c
24.01251a,b,c
24.02337a,b,c
24.03425a,b,c
24.04539a,b,c
24.05784a,b,c
24.06771a,b,c
24.07882a,b,c
24.09064a,b,c
24.10089a,b,c
24.1121a,b,c
24.1232a,b,c
24.1344a,b,c
24.1456a,b,c
24.1565a,b,c
24.16813a,b,c
24.17873a,b,c
24.19045a,b,c
24.20104a,b,c
24.21211a,b,c
24.22341a,b,c
24.23442a,b,c
24.24653a,b,c
24.25674a,b,c
24.26749a,b,c
24.27928a,b,c
24.28995a,b,c
24.30098a,b,c
24.31218a,b,c
24.32315a,b,c
24.33421a,b,c
24.34554a,b,c
24.35697a,b,c
24.36751a,b,c
24.37863a,b,c
24.39021a,b,c
24.40104a,b,c
24.41194a,b,c
24.42316a,b,c
24.43501a,b,c
24.44534a,b,c
24.45637a,b,c
24.46816a,b,c
24.47854a,b,c
24.48982a,b,c
24.50075a,b,c
24.51187a,b,c
24.52307a,b,c
24.53428a,b,c
24.54537a,b,c
24.55634a,b,c
24.56737a,b,c
24.57853a,b,c
24.5907a,b,c
24.60077a,b,c
24.61199a,b,c
24.62291a,b,c
24.63409a,b,c
24.64521a,b,c
24.65636a,b,c
24.66752a,b,c
24.67849a,b,c
24.68977a,b,c
24.7007a,b,c
24.71187a,b,c
24.7231a,b,c
24.7341a,b,c
24.74595a,b,c
24.75726a,b,c
24.76741a,b,c
24.77864a,b,c
24.78982a,b,c
24.80102a,b,c
24.81193a,b,c
24.82314a,b,c
24.83435a,b,c
24.84505a,b,c
24.85634a,b,c
24.86749a,b,c
24.87855a,b,c
24.8906a,b,c
24.9007a,b,c
24.91178a,b,c
24.92361a,b,c
24.93413a,b,c
24.94575a,b,c
24.9562a,b,c
24.96734a,b,c
24.97853a,b,c
24.98957a,b,c
25.00079a,b,c
25.01179a,b,c
25.02285a,b,c
25.03386a,b,c
25.04497a,b,c
25.05628a,b,c
25.0673a,b,c
25.08214a,b,c
25.08939a,b,c
25.09907a,b,c
25.11022a,b,c
25.1213a,b,c
25.13257a,b,c
25.14404a,b,c
25.15463a,b,c
25.16567a,b,c
25.17681a,b,c
25.18811a,b,c
25.20013a,b,c
25.21018a,b,c
25.22137a,b,c
25.23236a,b,c
25.24357a,b,c
25.25478a,b,c
25.26568a,b,c
25.2769a,b,c
25.28787a,b,c
25.29898a,b,c
25.31028a,b,c
25.32126a,b,c
25.33224a,b,c
25.34339a,b,c
25.35474a,b,c
25.36559a,b,c
25.37685a,b,c
25.388a,b,c
25.39893a,b,c
25.41028a,b,c
25.42154a,b,c
25.43239a,b,c
25.44349a,b,c
25.45477a,b,c
25.46734a,b,c
25.47723a,b,c
25.48858a,b,c
25.49969a,b,c
25.51085a,b,c
25.52291a,b,c
25.53325a,b,c
25.5462a,b,c
25.55603a,b,c
25.56702a,b,c
25.57818a,b,c
25.58927a,b,c
25.60028a,b,c
25.61176a,b,c
25.62261a,b,c
25.63373a,b,c
25.64475a,b,c
25.65586a,b,c
25.66701a,b,c
25.67801a,b,c
25.68915a,b,c
25.70029a,b,c
25.71131a,b,c
25.72276a,b,c
25.73358a,b,c
25.74464a,b,c
25.756a,b,c
25.76682a,b,c
25.77804a,b,c
25.78906a,b,c
25.80016a,b,c
25.81132a,b,c
25.82236a,b,c
25.83357a,b,c
25.84484a,b,c
25.85569a,b,c
25.86692a,b,c
25.87805a,b,c
25.8891a,b,c
25.9002a,b,c
25.91123a,b,c
25.92273a,b,c
25.93354a,b,c
25.94477a,b,c
25.95623a,b,c
25.96689a,b,c
25.97789a,b,c
25.98896a,b,c
26.00023a,b,c
26.01126a,b,c
26.0224a,b,c
26.03349a,b,c
26.04454a,b,c
26.05586a,b,c
26.06676a,b,c
26.07809a,b,c
26.08998a,b,c
26.09996a,b,c
26.1114a,b,c
26.12233a,b,c
26.13403a,b,c
26.14452a,b,c
26.15562a,b,c
26.16705a,b,c
26.17789a,b,c
26.18896a,b,c
26.19998a,b,c
26.21129a,b,c
26.22289a,b,c
26.23342a,b,c
26.24438a,b,c
26.25572a,b,c
26.26676a,b,c
26.27922a,b,c
26.28885a,b,c
26.30008a,b,c
26.31113a,b,c
26.32226a,b,c
26.33342a,b,c
26.34457a,b,c
26.35592a,b,c
26.36659a,b,c
26.37869a,b,c
26.38887a,b,c
26.39998a,b,c
26.41109a,b,c
26.42209a,b,c
26.43354a,b,c
26.4444a,b,c
26.45553a,b,c
26.46653a,b,c
26.47765a,b,c
26.48875a,b,c
26.50022a,b,c
26.51225a,b,c
26.52206a,b,c
26.53326a,b,c
26.54446a,b,c
26.55588a,b,c
26.56645a,b,c
26.57768a,b,c
26.58872a,b,c
26.59991a,b,c
26.61153a,b,c
26.62338a,b,c
26.63317a,b,c
26.64424a,b,c
26.65621a,b,c
26.6684a,b,c
26.68308a,b,c
26.69148a,b,c
26.69998a,b,c
26.70932a,b,c
26.71856a,b,c
26.72972a,b,c
26.74078a,b,c
26.7519a,b,c
26.76309a,b,c
26.77409a,b,c
26.78525a,b,c
26.79629a,b,c
26.80773a,b,c
26.81858a,b,c
26.82972a,b,c
26.84196a,b,c
26.85179a,b,c
26.86292a,b,c
26.87401a,b,c
26.88525a,b,c
26.89665a,b,c
26.90733a,b,c
26.91846a,b,c
26.9296a,b,c
26.9407a,b,c
26.95202a,b,c
26.96293a,b,c
26.97404a,b,c
26.98505a,b,c
26.99699a,b,c
27.00741a,b,c
27.01839a,b,c
27.0296a,b,c
27.04079a,b,c
27.0522a,b,c
27.06349a,b,c
27.07494a,b,c
27.08615a,b,c
27.0976a,b,c
27.10874a,b,c
27.12086a,b,c
27.13131a,b,c
27.14267a,b,c
27.1541a,b,c
27.16519a,b,c
27.17655a,b,c
27.18821a,b,c
27.19912a,b,c
27.21012a,b,c
27.22216a,b,c
27.23299a,b,c
27.24397a,b,c
27.25516a,b,c
27.26669a,b,c
27.27835a,b,c
27.28837a,b,c
27.2996a,b,c
27.31082a,b,c
27.32177a,b,c
27.33288a,b,c
27.34399a,b,c
27.35523a,b,c
27.36629a,b,c
27.37726a,b,c
27.38846a,b,c
27.39949a,b,c
27.4105a,b,c
27.42175a,b,c
27.43288a,b,c
27.44398a,b,c
27.45503a,b,c
27.46618a,b,c
27.47721a,b,c
27.4884a,b,c
27.49996a,b,c
27.51074a,b,c
27.52175a,b,c
27.53288a,b,c
27.5444a,b,c
27.55493a,b,c
27.56621a,b,c
27.57746a,b,c
27.58865a,b,c
27.59953a,b,c
27.61057a,b,c
27.6217a,b,c
27.63277a,b,c
27.64401a,b,c
27.65494a,b,c
27.66637a,b,c
27.67733a,b,c
27.68859a,b,c
27.69964a,b,c
27.71079a,b,c
27.72184a,b,c
27.73278a,b,c
27.74419a,b,c
27.75499a,b,c
27.76694a,b,c
27.77796a,b,c
27.78834a,b,c
27.79949a,b,c
27.81077a,b,c
27.82192a,b,c
27.83281a,b,c
27.84396a,b,c
27.85502a,b,c
27.86618a,b,c
27.87724a,b,c
27.88826a,b,c
27.89959a,b,c
27.91063a,b,c
27.92175a,b,c
27.9335a,b,c
27.94381a,b,c
27.95482a,b,c
27.96605a,b,c
27.97705a,b,c
27.98816a,b,c
27.99944a,b,c
28.01034a,b,c
28.02149a,b,c
28.03247a,b,c
28.04394a,b,c
28.05482a,b,c
28.0659a,b,c
28.07698a,b,c
28.08931a,b,c
28.09921a,b,c
28.11028a,b,c
28.12138a,b,c
28.13259a,b,c
28.14361a,b,c
28.15481a,b,c
28.16589a,b,c
28.17715a,b,c
28.18818a,b,c
28.19939a,b,c
28.21037a,b,c
28.22161a,b,c
28.23247a,b,c
28.24388a,b,c
28.25496a,b,c
28.26597a,b,c
28.27726a,b,c
28.28798a,b,c
28.29943a,b,c
28.31139a,b,c
28.32129a,b,c
28.33253a,b,c
28.34354a,b,c
28.35472a,b,c
28.36595a,b,c
28.37691a,b,c
28.38793a,b,c
28.39913a,b,c
28.41028a,b,c
28.42129a,b,c
28.43234a,b,c
28.4436a,b,c
28.45474a,b,c
28.46657a,b,c
28.47687a,b,c
28.48805a,b,c
28.49918a,b,c
28.51024a,b,c
28.52145a,b,c
28.53242a,b,c
28.54353a,b,c
28.55461a,b,c
28.56573a,b,c
28.57698a,b,c
28.58784a,b,c
28.59936a,b,c
28.61011a,b,c
28.62158a,b,c
28.63239a,b,c
28.64347a,b,c
28.65561a,b,c
28.66561a,b,c
28.67694a,b,c
28.6879a,b,c
28.70019a,b,c
28.70996a,b,c
28.72116a,b,c
28.73229a,b,c
28.74342a,b,c
28.75455a,b,c
28.76605a,b,c
28.7777a,b,c
28.78826a,b,c
28.79939a,b,c
28.81084a,b,c
28.82104a,b,c
28.83254a,b,c
28.84333a,b,c
28.85504a,b,c
28.8655a,b,c
28.87668a,b,c
28.88778a,b,c
28.89909a,b,c
28.91007a,b,c
28.92102a,b,c
28.93306a,b,c
28.94334a,b,c
28.95452a,b,c
28.96632a,b,c
28.97658a,b,c
28.98775a,b,c
28.99897a,b,c
29.01044a,b,c
29.02106a,b,c
29.0322a,b,c
29.04326a,b,c
29.05441a,b,c
29.06552a,b,c
29.07654a,b,c
29.08779a,b,c
29.09877a,b,c
29.10999a,b,c
29.12178a,b,c
29.1322a,b,c
29.14332a,b,c
29.15466a,b,c
29.1654a,b,c
29.17649a,b,c
29.18793a,b,c
29.19951a,b,c
29.20987a,b,c
29.22141a,b,c
29.23209a,b,c
29.24335a,b,c
29.25419a,b,c
29.26567a,b,c
29.27754a,b,c
29.28751a,b,c
29.29912a,b,c
29.30982a,b,c
29.32101a,b,c
29.33204a,b,c
29.34327a,b,c
29.35431a,b,c
29.36606a,b,c
29.37649a,b,c
29.38772a,b,c
29.3989a,b,c
29.40986a,b,c
29.42114a,b,c
29.43193a,b,c
29.44309a,b,c
29.45427a,b,c
29.46629a,b,c
29.47634a,b,c
29.48744a,b,c
29.49853a,b,c
29.50995a,b,c
29.52085a,b,c
29.53202a,b,c
29.54306a,b,c
29.55414a,b,c
29.56518a,b,c
29.57653a,b,c
29.58747a,b,c
29.59847a,b,c
29.60984a,b,c
29.62087a,b,c
29.63193a,b,c
29.64298a,b,c
29.65411a,b,c
29.66512a,b,c
29.67628a,b,c
29.68749a,b,c
29.69967a,b,c
29.70955a,b,c
29.72083a,b,c
29.73196a,b,c
29.74346a,b,c
29.75402a,b,c
29.7655a,b,c
29.77637a,b,c
29.78747a,b,c
29.79844a,b,c
29.81003a,b,c
29.82069a,b,c
29.83228a,b,c
29.84291a,b,c
29.85397a,b,c
29.86514a,b,c
29.87624a,b,c
29.88749a,b,c
29.89845a,b,c
29.90963a,b,c
29.92082a,b,c
29.93174a,b,c
29.94347a,b,c
29.95413a,b,c
29.96611a,b,c
29.97619a,b,c
29.98727a,b,c
29.99856a,b,c
30.0094a,b,c
30.0206a,b,c
30.03175a,b,c
30.04291a,b,c
30.05394a,b,c
30.06513a,b,c
30.07629a,b,c
30.08721a,b,c
30.09834a,b,c
30.10942a,b,c
30.12065a,b,c
30.13178a,b,c
30.14285a,b,c
30.15495a,b,c
30.16525a,b,c
30.17606a,b,c
30.18721a,b,c
30.19824a,b,c
30.20956a,b,c
30.22075a,b,c
30.23168a,b,c
30.24274a,b,c
30.25382a,b,c
30.26512a,b,c
30.27606a,b,c
30.28717a,b,c
30.29831a,b,c
30.30949a,b,c
30.32044a,b,c
30.33206a,b,c
30.3435a,b,c
30.35375a,b,c
30.36486a,b,c
30.37616a,b,c
30.38714a,b,c
30.39811a,b,c
30.40929a,b,c
30.42138a,b,c
30.43165a,b,c
30.44266a,b,c
30.45372a,b,c
30.46484a,b,c
30.47601a,b,c
30.48747a,b,c
30.49854a,b,c
30.50928a,b,c
30.52037a,b,c
30.53146a,b,c
30.54274a,b,c
30.55369a,b,c
30.5652a,b,c
30.57672a,b,c
30.58702a,b,c
30.59813a,b,c
30.60996a,b,c
30.62118a,b,c
30.63145a,b,c
30.64281a,b,c
30.65391a,b,c
30.66512a,b,c
30.67638a,b,c
30.68708a,b,c
30.6983a,b,c
30.70989a,b,c
30.72022a,b,c
30.73134a,b,c
30.74255a,b,c
30.75368a,b,c
30.76558a,b,c
30.77674a,b,c
30.78761a,b,c
30.79877a,b,c
30.81178a,b,c
30.82086a,b,c
30.83229a,b,c
30.84336a,b,c
30.8541a,b,c
30.86565a,b,c
30.87593a,b,c
30.88687a,b,c
30.89809a,b,c
30.9122a,b,c
30.9201a,b,c
30.9304a,b,c
30.94163a,b,c
30.95263a,b,c
30.96357a,b,c
30.97461a,b,c
30.98575a,b,c
30.99688a,b,c
31.00821a,b,c
31.01907a,b,c
31.03016a,b,c
31.04137a,b,c
31.05245a,b,c
31.064a,b,c
31.0756a,b,c
31.08611a,b,c
31.09775a,b,c
31.10857a,b,c
31.12123a,b,c
31.13083a,b,c
31.14304a,b,c
31.15579a,b,c
31.16443a,b,c
31.17547a,b,c
31.18649a,b,c
31.19874a,b,c
31.20918a,b,c
31.22232a,b,c
31.23273a,b,c
31.24351a,b,c
31.25309a,b,c
31.2666a,b,c
31.27512a,b,c
31.28828a,b,c
31.2979a,b,c
31.31156a,b,c
31.32031a,b,c
31.33163a,b,c
31.34292a,b,c
31.35681a,b,c
31.36477a,b,c
31.37661a,b,c
31.38873a,b,c
31.39807a,b,c
31.40959a,b,c
31.42148a,b,c
31.43115a,b,c
31.44232a,b,c
31.45332a,b,c
31.46533a,b,c
31.47563a,b,c
31.48689a,b,c
31.49784a,b,c
31.50896a,b,c
31.51995a,b,c
31.53113a,b,c
31.5423a,b,c
31.5533a,b,c
31.56443a,b,c
31.5756a,b,c
31.5866a,b,c
31.59779a,b,c
31.60899a,b,c
31.61992a,b,c
31.63387a,b,c
31.64215a,b,c
31.65527a,b,c
31.66448a,b,c
31.67606a,b,c
31.68761a,b,c
31.69837a,b,c
31.70981a,b,c
31.72076a,b,c
31.73174a,b,c
31.74289a,b,c
31.75398a,b,c
31.76601a,b,c
31.7771a,b,c
31.78758a,b,c
31.79796a,b,c
31.80911a,b,c
31.8201a,b,c
31.83097a,b,c
31.84259a,b,c
31.85334a,b,c
31.86447a,b,c
31.87555a,b,c
31.88777a,b,c
31.89771a,b,c
31.90876a,b,c
31.91984a,b,c
31.93111a,b,c
31.94213a,b,c
31.9532a,b,c
31.96594a,b,c
31.97532a,b,c
31.98914a,b,c
31.99779a,b,c
32.01138a,b,c
32.01955a,b,c
32.03384a,b,c
32.04203a,b,c
32.054a,b,c
32.06425a,b,c
32.07652a,b,c
32.08639a,b,c
32.09769a,b,c
32.10963a,b,c
32.12098a,b,c
32.1315a,b,c
32.14238a,b,c
32.156a,b,c
32.16563a,b,c
32.17773a,b,c
32.18631a,b,c
32.19767a,b,c
32.20911a,b,c
32.2199a,b,c
32.23326a,b,c
32.24229a,b,c
32.25438a,b,c
32.26509a,b,c
32.2761a,b,c
32.28703a,b,c
32.29805a,b,c
32.30963a,b,c
32.32185a,b,c
32.33165a,b,c
32.34238a,b,c
32.35563a,b,c
32.36446a,b,c
32.37598a,b,c
32.38807a,b,c
32.39795a,b,c
32.40917a,b,c
32.42234a,b,c
32.43632a,b,c
32.44529a,b,c
32.45417a,b,c
32.46715a,b,c
32.47545a,b,c
32.48803a,b,c
32.49821a,b,c
32.50969a,b,c
32.5205a,b,c
32.53328a,b,c
32.54234a,b,c
32.55322a,b,c
32.5647a,b,c
32.57782a,b,c
32.58694a,b,c
32.59792a,b,c
32.6096a,b,c
32.62047a,b,c
32.63112a,b,c
32.64172a,b,c
32.65428a,b,c
32.66391a,b,c
32.67542a,b,c
32.68606a,b,c
32.69807a,b,c
32.70897a,b,c
32.72003a,b,c
32.73124a,b,c
32.74284a,b,c
32.75302a,b,c
32.7677a,b,c
32.7762a,b,c
32.78617a,b,c
32.79734a,b,c
32.81123a,b,c
32.8194a,b,c
32.83083a,b,c
32.84348a,b,c
32.85291a,b,c
32.8643a,b,c
32.87581a,b,c
32.88643a,b,c
32.8976a,b,c
32.909a,b,c
32.92015a,b,c
32.93139a,b,c
32.94231a,b,c
32.95391a,b,c
32.96728a,b,c
32.97591a,b,c
32.98621a,b,c
32.99898a,b,c
33.01081a,b,c
33.02009a,b,c
33.03046a,b,c
33.04192a,b,c
33.05266a,b,c
33.06369a,b,c
33.07587a,b,c
33.08685a,b,c
33.09751a,b,c
33.10949a,b,c
33.12131a,b,c
33.13113a,b,c
33.14229a,b,c
33.1532a,b,c
33.16413a,b,c
33.17544a,b,c
33.18883a,b,c
33.19741a,b,c
33.20817a,b,c
33.2196a,b,c
33.23098a,b,c
33.2422a,b,c
33.25311a,b,c
33.26495a,b,c
33.27534a,b,c
33.28674a,b,c
33.29888a,b,c
33.30991a,b,c
33.31995a,b,c
33.33077a,b,c
33.34244a,b,c
33.35317a,b,c
33.36478a,b,c
33.37467a,b,c
33.38692a,b,c
33.3975a,b,c
33.40875a,b,c
33.41945a,b,c
33.43079a,b,c
33.4422a,b,c
33.45327a,b,c
33.46351a,b,c
33.47477a,b,c
33.48574a,b,c
33.49718a,b,c
33.50964a,b,c
33.51956a,b,c
33.53076a,b,c
33.54205a,b,c
33.5531a,b,c
33.56409a,b,c
33.5764a,b,c
33.58645a,b,c
33.5974a,b,c
33.60904a,b,c
33.62008a,b,c
33.63057a,b,c
33.64175a,b,c
33.65246a,b,c
33.66343a,b,c
33.67533a,b,c
33.68599a,b,c
33.69682a,b,c
33.70799a,b,c
33.71907a,b,c
33.73022a,b,c
33.74128a,b,c
33.75242a,b,c
33.76336a,b,c
33.77493a,b,c
33.78583a,b,c
33.79807a,b,c
33.80789a,b,c
33.819a,b,c
33.83109a,b,c
33.84135a,b,c
33.85238a,b,c
33.86336a,b,c
33.87467a,b,c
33.88564a,b,c
33.89708a,b,c
33.90776a,b,c
33.91905a,b,c
33.93085a,b,c
33.9411a,b,c
33.9524a,b,c
33.96401a,b,c
33.97512a,b,c
33.98561a,b,c
33.99813a,b,c
34.00798a,b,c
34.01903a,b,c
34.02997a,b,c
34.04147a,b,c
34.05236a,b,c
34.06347a,b,c
34.07433a,b,c
34.08551a,b,c
34.09668a,b,c
34.10765a,b,c
34.11895a,b,c
34.13004a,b,c
34.14143a,b,c
34.15303a,b,c
34.16327a,b,c
34.1745a,b,c
34.18562a,b,c
34.19655a,b,c
34.20772a,b,c
34.21899a,b,c
34.23001a,b,c
34.24103a,b,c
34.25208a,b,c
34.26325a,b,c
34.27468a,b,c
34.28565a,b,c
34.29648a,b,c
34.30774a,b,c
34.31874a,b,c
34.33005a,b,c
34.34217a,b,c
34.35233a,b,c
34.36363a,b,c
34.37441a,b,c
34.38583a,b,c
34.39665a,b,c
34.40825a,b,c
34.41876a,b,c
34.42978a,b,c
34.44104a,b,c
34.45229a,b,c
34.46336a,b,c
34.47432a,b,c
34.48531a,b,c
34.49665a,b,c
34.50776a,b,c
34.51901a,b,c
34.53066a,b,c
34.5409a,b,c
34.55213a,b,c
34.56331a,b,c
34.57438a,b,c
34.58545a,b,c
34.5965a,b,c
34.60756a,b,c
34.61877a,b,c
34.62977a,b,c
34.64072a,b,c
34.65189a,b,c
34.66305a,b,c
34.67434a,b,c
34.68607a,b,c
34.69635a,b,c
34.70751a,b,c
34.71856a,b,c
34.72981a,b,c
34.74091a,b,c
34.75185a,b,c
34.76316a,b,c
34.77417a,b,c
34.78538a,b,c
34.79625a,b,c
34.80869a,b,c
34.81837a,b,c
34.82971a,b,c
34.84095a,b,c
34.85211a,b,c
34.86295a,b,c
34.87403a,b,c
34.88632a,b,c
34.8964a,b,c
34.90746a,b,c
34.9186a,b,c
34.9299a,b,c
34.94071a,b,c
34.95192a,b,c
34.96299a,b,c
34.97418a,b,c
34.98531a,b,c
34.99637a,b,c
35.0076a,b,c
35.1076a,b,c
35.18672a,b,c
